feature,importance
price_change_1d,0.10327031173013193
close_sma5_ratio,0.0997642621720918
bb_position,0.0990593663200345
price_change_5d,0.09172255529661909
volume_ratio,0.08675736273673473
hl_ratio,0.08211583186028035
macd,0.07748294193262924
rsi,0.07077375594515943
macd_diff,0.06487236746941905
close_sma20_ratio,0.06033157078187562
volatility_20d,0.0560798573813925
price_change_20d,0.05578162714493658
close_sma60_ratio,0.051988189228695185
