Strategy,Total_Return_x,Benchmark_Return_x,CAGR_%,MDD_%,Sharpe_Ratio,Outperformance_%
Momentum_20,141.89252470999983,95.93905823808178,92.24637015263208,-59.97217898937146,1.4776566845300458,47.89860075328258
