Strategy,Total Return (x),CAGR (%),MDD (%),Sharpe Ratio,Win Rate (%),Final Equity (KRW)
Multi-Window Score,71.63782031090874,69.19039938544938,-62.43992704020598,1.147354482734705,51.471471471471475,71.63782031090874
Benchmark (SMA30),367.96511584352135,106.9480960614118,-39.23163682541246,1.5433869875916353,54.66074825618262,367.96511584352135
Buy & Hold,36.141832484960524,55.52403333455391,-86.81314677160766,0.8499793225151568,51.974350320620985,36.141832484960524
